{"0": {"hidden": [1, 2, 3, 4, 5, 6, 7, 8, 37, 38, 23, 30, 28, 36, 13, 12, 22, 26, 34, 17, 33, 15, 20, 18, 31, 14, 39, 35, 11, 27, 19, 16, 29, 24, 10, 21, 32, 9, 25], "physical": [1, 2, 3, 4, 5, 6, 7, 8], "degree": 1.0}, "1": {"hidden": [0, 9, 12, 3, 10, 7, 27, 38, 34, 4, 16, 5, 6, 32, 20, 11, 19, 2, 15, 8, 22, 37, 13, 23, 17], "physical": [0, 9], "degree": 0.14285714285714285}, "2": {"hidden": [0, 25, 11, 4, 32, 6, 20, 13, 12, 16, 7, 31, 23, 17, 15, 3, 1, 24, 8, 27, 10, 5, 36, 22, 34, 37, 38, 19, 9], "physical": [0], "degree": 0.0}, "3": {"hidden": [0, 10, 11, 1, 7, 17, 4, 16, 12, 5, 6, 15, 32, 34, 20, 25, 21, 8, 22, 2, 13, 38, 23], "physical": [0, 10, 11], "degree": 0.2857142857142857}, "4": {"hidden": [0, 7, 10, 5, 32, 3, 12, 6, 1, 16, 28, 30, 34, 19, 8, 20, 2, 37, 15, 11, 13, 22, 23, 38, 33, 17], "physical": [0], "degree": 0.0}, "5": {"hidden": [0, 12, 13, 6, 7, 16, 4, 34, 10, 32, 3, 1, 20, 15, 38, 11, 17, 8, 2, 22, 23, 24, 37, 25, 9], "physical": [0, 12, 13], "degree": 0.2857142857142857}, "6": {"hidden": [0, 5, 32, 10, 24, 34, 7, 4, 20, 12, 16, 1, 3, 37, 2, 11, 15, 8, 17, 35, 22, 38, 13, 19, 25, 23], "physical": [0], "degree": 0.0}, "7": {"hidden": [0, 14, 15, 16, 36, 5, 4, 1, 10, 20, 3, 22, 12, 6, 23, 11, 32, 25, 24, 38, 19, 2, 8, 34, 13, 33, 9, 37, 30], "physical": [0, 14, 15, 16], "degree": 0.42857142857142855}, "8": {"hidden": [0, 15, 11, 20, 25, 22, 32, 4, 34, 36, 3, 12, 16, 23, 6, 1, 7, 2, 10, 5, 38, 19, 9, 13, 37, 17], "physical": [0], "degree": 0.0}, "9": {"hidden": [1, 0, 11, 30, 38, 17, 8, 2, 25, 7, 29, 15, 23, 37, 13, 14, 22, 5, 34, 10, 20, 35, 33, 16, 24], "physical": [1], "degree": 0.0}, "10": {"hidden": [3, 32, 33, 34, 35, 22, 20, 6, 4, 1, 23, 7, 25, 36, 16, 12, 0, 15, 5, 11, 38, 2, 8, 37, 13, 17, 28, 9], "physical": [3, 32, 33, 34, 35], "degree": 0.5714285714285714}, "11": {"hidden": [3, 37, 38, 39, 13, 31, 15, 0, 7, 8, 26, 1, 34, 2, 12, 17, 10, 21, 35, 33, 20, 36, 32, 24, 23, 16, 28, 6, 25, 14, 30, 19, 29, 5, 22, 9, 27, 4], "physical": [3, 37, 38], "degree": 0.2857142857142857}, "12": {"hidden": [5, 1, 7, 0, 32, 16, 10, 4, 6, 3, 25, 11, 20, 15, 2, 34, 8, 17, 38, 13, 35, 23, 22, 33, 37, 19], "physical": [5], "degree": 0.0}, "13": {"hidden": [5, 21, 11, 0, 19, 32, 2, 20, 22, 15, 23, 36, 31, 3, 14, 39, 4, 38, 12, 33, 35, 7, 37, 10, 1, 6, 8, 24, 25, 17, 16, 27, 34, 9, 30], "physical": [5, 21], "degree": 0.14285714285714285}, "14": {"hidden": [7, 0, 11, 13, 28, 9], "physical": [7], "degree": 0.0}, "15": {"hidden": [7, 17, 37, 11, 0, 8, 10, 22, 3, 38, 12, 25, 5, 23, 27, 36, 16, 13, 4, 6, 31, 2, 32, 20, 34, 1, 19, 9, 33], "physical": [7, 17], "degree": 0.14285714285714285}, "16": {"hidden": [7, 18, 19, 20, 21, 5, 10, 12, 0, 1, 32, 3, 6, 4, 23, 22, 36, 34, 17, 11, 15, 2, 8, 38, 37, 13, 9], "physical": [7, 18, 19, 20, 21], "degree": 0.5714285714285714}, "17": {"hidden": [15, 20, 3, 32, 0, 11, 25, 27, 16, 2, 5, 12, 34, 6, 31, 9, 19, 38, 37, 36, 13, 10, 22, 23, 1, 8, 4], "physical": [15], "degree": 0.0}, "18": {"hidden": [16, 0], "physical": [16], "degree": 0.0}, "19": {"hidden": [16, 22, 23, 32, 0, 13, 26, 4, 36, 1, 11, 7, 39, 15, 33, 35, 29, 17, 8, 2, 24, 38, 6, 21, 12, 30], "physical": [16, 22, 23], "degree": 0.2857142857142857}, "20": {"hidden": [16, 24, 25, 36, 10, 17, 7, 32, 34, 31, 0, 6, 8, 27, 5, 23, 1, 3, 12, 37, 22, 4, 11, 2, 13, 15, 21, 38, 33, 9], "physical": [16, 24, 25], "degree": 0.2857142857142857}, "21": {"hidden": [13, 16, 30, 0, 35, 11, 3, 38, 39, 20, 23, 19, 24], "physical": [13, 16, 30], "degree": 0.2857142857142857}, "22": {"hidden": [19, 10, 7, 0, 34, 32, 16, 15, 38, 8, 20, 30, 25, 23, 11, 13, 3, 24, 36, 2, 4, 6, 5, 37, 1, 12, 17, 9], "physical": [19], "degree": 0.0}, "23": {"hidden": [19, 10, 0, 7, 38, 16, 32, 20, 15, 11, 34, 22, 8, 2, 13, 21, 25, 4, 30, 36, 12, 5, 3, 1, 9, 17, 33, 37, 6], "physical": [19], "degree": 0.0}, "24": {"hidden": [20, 26, 6, 0, 25, 38, 11, 37, 7, 22, 2, 33, 19, 13, 5, 21, 9], "physical": [20, 26], "degree": 0.14285714285714285}, "25": {"hidden": [20, 27, 28, 10, 2, 0, 24, 12, 8, 7, 15, 3, 17, 11, 22, 32, 23, 33, 9, 13, 30, 35, 6, 36, 5, 31, 34, 37], "physical": [20, 27, 28], "degree": 0.2857142857142857}, "26": {"hidden": [24, 0, 19, 11], "physical": [24], "degree": 0.0}, "27": {"hidden": [25, 28, 1, 0, 20, 17, 15, 34, 11, 38, 30, 2, 13], "physical": [25, 28], "degree": 0.14285714285714285}, "28": {"hidden": [25, 27, 29, 37, 0, 4, 11, 14, 10], "physical": [25, 27, 29], "degree": 0.2857142857142857}, "29": {"hidden": [28, 0, 11, 19, 9], "physical": [28], "degree": 0.0}, "30": {"hidden": [21, 31, 0, 34, 32, 4, 11, 22, 27, 9, 23, 25, 7, 19, 13], "physical": [21, 31], "degree": 0.14285714285714285}, "31": {"hidden": [30, 32, 20, 34, 11, 0, 2, 15, 13, 17, 38, 37, 25], "physical": [30], "degree": 0.0}, "32": {"hidden": [10, 34, 6, 19, 31, 30, 20, 12, 4, 17, 16, 0, 5, 7, 22, 36, 1, 23, 3, 8, 2, 11, 13, 15, 25, 38, 33], "physical": [10], "degree": 0.0}, "33": {"hidden": [10, 0, 11, 19, 25, 13, 24, 7, 4, 12, 15, 20, 23, 9, 32], "physical": [10], "degree": 0.0}, "34": {"hidden": [10, 36, 32, 30, 20, 0, 31, 6, 1, 5, 22, 4, 3, 11, 16, 8, 27, 23, 12, 38, 15, 37, 7, 17, 2, 13, 9, 25], "physical": [10, 36], "degree": 0.14285714285714285}, "35": {"hidden": [10, 0, 21, 11, 19, 6, 12, 13, 25, 9], "physical": [10], "degree": 0.0}, "36": {"hidden": [34, 20, 7, 0, 10, 32, 16, 19, 11, 15, 8, 37, 22, 13, 38, 2, 23, 17, 25], "physical": [34], "degree": 0.0}, "37": {"hidden": [11, 0, 28, 15, 6, 20, 4, 36, 24, 38, 34, 16, 2, 22, 10, 17, 13, 1, 31, 12, 8, 5, 7, 9, 23, 25], "physical": [11], "degree": 0.0}, "38": {"hidden": [11, 39, 0, 1, 23, 22, 24, 15, 10, 21, 5, 34, 27, 7, 37, 36, 16, 8, 32, 20, 2, 13, 9, 12, 3, 31, 6, 17, 4, 19], "physical": [11, 39], "degree": 0.14285714285714285}, "39": {"hidden": [38, 11, 0, 19, 13, 21], "physical": [38], "degree": 0.0}}