{"0": {"hidden": [1, 2, 3, 4, 5, 6, 19, 44, 66, 39, 18, 13, 21, 53, 65, 10, 62, 57, 9, 20], "physical": [1, 2, 3, 4, 5, 6, 19], "degree": 0.29411764705882354}, "1": {"hidden": [0, 22, 18, 3, 4, 44, 69, 21, 17, 48, 15, 26, 66, 36, 37, 56], "physical": [0, 22, 18, 3, 4], "degree": 0.17647058823529413}, "2": {"hidden": [0, 9, 25, 20, 3, 24, 18, 5, 29, 56], "physical": [0, 9, 25, 20, 3], "degree": 0.17647058823529413}, "3": {"hidden": [0, 1, 2, 7, 23, 8, 25, 18, 20, 4, 38, 26, 5, 6, 63, 36, 40, 16, 47, 57, 67, 27, 43, 68, 45, 34, 44, 22, 62, 35, 46], "physical": [0, 1, 2, 7, 23, 8, 25, 18, 20, 4, 38, 26, 5, 6], "degree": 0.7058823529411765}, "4": {"hidden": [0, 1, 3, 7, 17, 8, 25, 18, 19, 20, 24, 38, 26, 13, 28, 56, 62, 43, 52, 69, 16, 50, 65, 42, 6, 32, 21, 15, 10, 53, 39, 66, 57, 58, 45], "physical": [0, 1, 3, 7, 17, 8, 25, 18, 19, 20, 24, 38, 26], "degree": 0.6470588235294118}, "5": {"hidden": [0, 3, 61, 57, 55, 62, 26, 6, 42, 44, 27, 45, 58, 13, 37, 12, 17, 56, 43, 67, 25, 16, 68, 23, 15, 21, 2, 14, 11, 8, 39, 53, 59, 66, 34, 19, 35, 22, 50, 30, 40], "physical": [0, 3, 61, 57, 55, 62, 26, 6, 42, 44, 27, 45, 58], "degree": 0.6470588235294118}, "6": {"hidden": [0, 3, 5, 38, 61, 57, 55, 62, 26, 32, 33, 63, 58, 65, 42, 39, 69, 43, 19, 15, 10, 53, 13, 4, 21, 52, 8, 28, 66, 49, 16, 56, 50, 14], "physical": [0, 3, 5, 38, 61, 57, 55, 62, 26, 32, 33, 63, 58], "degree": 0.6470588235294118}, "7": {"hidden": [3, 4, 8], "physical": [3, 4, 8], "degree": 0.058823529411764705}, "8": {"hidden": [3, 4, 9, 25, 20, 7, 26, 27, 14, 45, 13, 36, 35, 6, 61, 66, 33, 5, 50, 67, 49, 65], "physical": [3, 4, 9, 25, 20, 7, 26, 27, 14], "degree": 0.4117647058823529}, "9": {"hidden": [2, 8, 29, 44, 0, 41], "physical": [2, 8], "degree": 0.0}, "10": {"hidden": [16, 14, 11, 12, 13, 15, 45, 55, 6, 37, 57, 62, 4, 18, 0, 50, 31], "physical": [14, 11, 12, 13, 15, 16], "degree": 0.23529411764705882}, "11": {"hidden": [32, 33, 14, 31, 10, 12, 29, 30, 13, 61, 42, 19, 52, 5, 41, 17, 43, 53, 21], "physical": [32, 33, 14, 10, 12, 29, 30, 31, 13], "degree": 0.4117647058823529}, "12": {"hidden": [14, 35, 36, 11, 10, 13, 34, 15, 40, 5, 45, 39, 26, 27, 48, 37, 25, 31], "physical": [14, 10, 11, 13, 34, 15, 35, 36], "degree": 0.35294117647058826}, "13": {"hidden": [14, 11, 10, 12, 28, 37, 4, 5, 42, 38, 19, 45, 6, 8, 21, 53, 55, 51, 0, 41, 15, 62, 16], "physical": [14, 10, 11, 12, 28, 37], "degree": 0.23529411764705882}, "14": {"hidden": [25, 20, 8, 16, 10, 11, 12, 13, 28, 37, 34, 44, 5, 6, 49, 38, 18, 45, 29, 15, 43, 56, 21, 53], "physical": [25, 20, 8, 10, 11, 12, 13, 16, 28, 37], "degree": 0.47058823529411764}, "15": {"hidden": [16, 49, 39, 36, 10, 12, 37, 29, 52, 34, 30, 44, 31, 19, 69, 6, 67, 26, 21, 42, 4, 53, 5, 1, 13, 66, 14, 62], "physical": [10, 12, 16, 39, 37, 49, 29, 52, 34, 30, 36], "degree": 0.5294117647058824}, "16": {"hidden": [18, 14, 10, 15, 37, 38, 33, 4, 3, 31, 45, 5, 6, 57, 20, 28, 39, 62, 65, 32, 21, 50, 13, 64], "physical": [18, 14, 10, 15, 37], "degree": 0.17647058823529413}, "17": {"hidden": [4, 19, 22, 18, 20, 21, 25, 27, 5, 1, 66, 11, 64, 61, 52], "physical": [4, 19, 22, 18, 20, 21], "degree": 0.23529411764705882}, "18": {"hidden": [1, 3, 4, 19, 22, 16, 17, 23, 20, 21, 51, 56, 62, 67, 0, 2, 46, 10, 39, 38, 27, 14, 48, 54, 61], "physical": [1, 3, 4, 19, 22, 16, 17, 23, 20, 21], "degree": 0.47058823529411764}, "19": {"hidden": [0, 4, 17, 18, 23, 22, 15, 6, 53, 26, 13, 25, 11, 21, 42, 65, 62, 57, 5, 44], "physical": [0, 4, 17, 18, 23, 22], "degree": 0.23529411764705882}, "20": {"hidden": [2, 3, 4, 18, 25, 8, 14, 17, 38, 40, 37, 33, 45, 52, 16, 22, 26, 0, 27], "physical": [2, 3, 4, 18, 25, 8, 14, 17, 38], "degree": 0.4117647058823529}, "21": {"hidden": [18, 38, 17, 29, 30, 49, 52, 53, 37, 26, 15, 56, 4, 19, 13, 69, 6, 1, 65, 5, 43, 66, 57, 0, 25, 62, 58, 27, 16, 14, 11], "physical": [18, 38, 17, 29, 30, 49, 52, 53], "degree": 0.35294117647058826}, "22": {"hidden": [1, 19, 17, 18, 24, 52, 20, 3, 5], "physical": [1, 19, 17, 18, 24], "degree": 0.17647058823529413}, "23": {"hidden": [3, 19, 18, 45, 26, 64, 5, 25], "physical": [3, 19, 18], "degree": 0.058823529411764705}, "24": {"hidden": [4, 22, 38, 46, 53, 36, 2, 44], "physical": [4, 22, 38, 46, 53], "degree": 0.17647058823529413}, "25": {"hidden": [2, 3, 4, 8, 14, 20, 17, 27, 19, 33, 58, 5, 45, 57, 23, 52, 12, 21], "physical": [2, 3, 4, 8, 14, 20], "degree": 0.23529411764705882}, "26": {"hidden": [3, 4, 5, 6, 8, 38, 46, 61, 57, 55, 62, 27, 63, 42, 19, 44, 15, 21, 23, 69, 12, 39, 53, 56, 20, 52, 1], "physical": [3, 4, 5, 6, 8, 38, 46, 61, 57, 55, 62, 27, 63], "degree": 0.6470588235294118}, "27": {"hidden": [5, 8, 26, 61, 62, 42, 44, 53, 33, 64, 63, 41, 35, 65, 43, 67, 66, 36, 45, 25, 17, 58, 69, 12, 55, 3, 48, 18, 59, 54, 57, 21, 20], "physical": [5, 8, 26, 61, 62, 42, 44, 53, 33, 64, 63, 41, 35, 65, 43, 67, 66, 36, 45], "degree": 1.0}, "28": {"hidden": [14, 13, 56, 4, 57, 6, 37, 62, 16, 31, 41, 55, 44], "physical": [14, 13, 56], "degree": 0.058823529411764705}, "29": {"hidden": [21, 49, 11, 15, 52, 34, 30, 65, 64, 9, 2, 14], "physical": [11, 15, 21, 49, 52, 34, 30], "degree": 0.29411764705882354}, "30": {"hidden": [21, 36, 11, 15, 29, 47, 52, 34, 37, 43, 38, 5], "physical": [11, 15, 29, 21, 47, 52, 34, 36], "degree": 0.35294117647058826}, "31": {"hidden": [55, 32, 33, 11, 39, 56, 59, 60, 36, 15, 65, 34, 61, 62, 16, 51, 45, 43, 28, 35, 10, 50, 52, 12], "physical": [55, 32, 33, 11, 39, 56, 59, 60, 36], "degree": 0.4117647058823529}, "32": {"hidden": [6, 55, 62, 11, 31, 39, 60, 33, 36, 68, 43, 4, 67, 16], "physical": [6, 55, 62, 11, 31, 39, 60, 33, 36], "degree": 0.4117647058823529}, "33": {"hidden": [6, 55, 62, 42, 27, 32, 11, 31, 39, 60, 16, 68, 51, 45, 25, 58, 20, 35, 61, 8, 53], "physical": [6, 55, 62, 42, 27, 32, 11, 31, 39, 60], "degree": 0.47058823529411764}, "34": {"hidden": [36, 12, 15, 29, 30, 47, 52, 55, 31, 61, 14, 66, 56, 45, 3, 5, 64], "physical": [12, 15, 29, 30, 47, 52, 36], "degree": 0.29411764705882354}, "35": {"hidden": [27, 45, 49, 39, 64, 41, 12, 43, 36, 37, 8, 33, 31, 47, 5, 3], "physical": [27, 45, 12, 39, 49, 64, 41, 43, 36], "degree": 0.4117647058823529}, "36": {"hidden": [27, 45, 58, 32, 31, 39, 64, 35, 43, 12, 15, 30, 34, 56, 69, 51, 3, 24, 8, 46, 65, 47, 1], "physical": [27, 45, 58, 32, 12, 15, 30, 31, 34, 35, 39, 64, 43, 56, 69], "degree": 0.7647058823529411}, "37": {"hidden": [16, 14, 51, 13, 15, 54, 40, 30, 55, 5, 45, 21, 35, 10, 59, 64, 20, 28, 42, 12, 1, 49, 56], "physical": [14, 13, 15, 16, 51, 54, 40], "degree": 0.29411764705882354}, "38": {"hidden": [3, 4, 6, 20, 21, 24, 26, 49, 53, 16, 13, 67, 30, 39, 18, 14, 66, 55], "physical": [3, 4, 6, 20, 21, 24, 26, 49, 53], "degree": 0.4117647058823529}, "39": {"hidden": [42, 44, 45, 32, 33, 31, 15, 35, 36, 40, 41, 43, 56, 59, 6, 12, 0, 4, 26, 48, 57, 65, 18, 49, 16, 38, 5, 69, 62], "physical": [42, 44, 45, 32, 33, 15, 31, 35, 36, 40, 41, 43, 56], "degree": 0.6470588235294118}, "40": {"hidden": [48, 51, 39, 37, 47, 56, 54, 12, 20, 3, 42, 57, 45, 5], "physical": [37, 39, 56, 47, 51, 54, 48], "degree": 0.29411764705882354}, "41": {"hidden": [27, 45, 39, 66, 35, 68, 69, 43, 63, 11, 13, 52, 28, 9, 46], "physical": [27, 45, 35, 39, 68, 69, 43, 66], "degree": 0.35294117647058826}, "42": {"hidden": [5, 27, 33, 39, 67, 66, 44, 45, 6, 26, 13, 11, 50, 4, 15, 57, 19, 53, 62, 37, 40, 65, 52, 56, 69, 58, 43, 59], "physical": [5, 27, 33, 39, 67, 66, 44, 45], "degree": 0.35294117647058826}, "43": {"hidden": [27, 45, 39, 66, 41, 35, 36, 68, 69, 4, 6, 5, 32, 30, 63, 21, 31, 3, 65, 62, 11, 42, 57, 50, 14], "physical": [27, 45, 35, 36, 39, 41, 68, 69, 66], "degree": 0.4117647058823529}, "44": {"hidden": [5, 42, 27, 39, 65, 67, 66, 45, 15, 26, 52, 1, 0, 24, 14, 9, 3, 28, 19], "physical": [5, 42, 27, 39, 65, 67, 66, 45], "degree": 0.35294117647058826}, "45": {"hidden": [5, 62, 42, 44, 27, 35, 36, 39, 41, 43, 64, 63, 65, 67, 66, 69, 37, 10, 8, 13, 68, 33, 23, 12, 16, 50, 25, 20, 31, 59, 34, 53, 40, 14, 56, 3, 52, 4],